Workbook

Sheet Row
A1: record_id | B1: month | C1: route_id | D1: hub | E1: promised_days | F1: actual_days
A2: 1 | B2: Jan | C2: R1 | D2: Mumbai | E2: 2 | F2: 2
A3: 2 | B3: Jan | C3: R2 | D3: Chennai | E3: 3 | F3: 4
A4: 3 | B4: Jan | C4: R3 | D4: Delhi | E4: 5 | F4: 8
A5: 4 | B5: Jan | C5: R4 | D5: Mumbai | E5: 6 | F5: 10
A6: 5 | B6: Feb | C6: R1 | D6: Chennai | E6: 2 | F6: 5
A7: 6 | B7: Feb | C7: R2 | D7: Delhi | E7: 3 | F7: 3
A8: 7 | B8: Feb | C8: R3 | D8: Delhi | E8: 5 | F8: 10
A9: 8 | B9: Feb | C9: R4 | D9: Chennai | E9: 6 | F9: 7
A10: 9 | B10: Mar | C10: R1 | D10: Delhi | E10: 2 | F10: 8
A11: 10 | B11: Mar | C11: R2 | D11: Mumbai | E11: 3 | F11: 5
A12: 11 | B12: Mar | C12: R3 | D12: Chennai | E12: 5 | F12: 5
A13: 12 | B13: Mar | C13: R4 | D13: Mumbai | E13: 6 | F13: 15
A14: 12 | B14: Mar | C14: R4 | D14: Mumbai | E14: 6 | F14: 15

Sheet Lookup
A1: route_id | B1: route | C1: service_type
A2: R1 | B2: Metro Link | C2: Express
A3: R2 | B3: City Dash | C3: Express
A4: R3 | B4: Highway Freight | C4: Standard
A5: R4 | B5: Rural Feeder | C5: Standard

Sheet Clean
E1: Show the before row count (13) and after row count (12)
E5: record_id | F5: month | G5: route_id | H5: hub | I5: promised_days | J5: actual_days | K5: service_type | L5: delay_days
E6: 1 | F6: Jan | G6: R1 | H6: Mumbai | I6: 2 | J6: 2 | K6: =_xlfn.XLOOKUP(Clean!G6,Lookup!A:A,Lookup!C:C,FALSE) -> Express | L6: =MAX(J6-I6,0) -> 0
E7: 2 | F7: Jan | G7: R2 | H7: Chennai | I7: 3 | J7: 4 | K7: =_xlfn.XLOOKUP(Clean!G7,Lookup!A:A,Lookup!C:C,FALSE) -> Express | L7: =MAX(J7-I7,0) -> 1
E8: 3 | F8: Jan | G8: R3 | H8: Delhi | I8: 5 | J8: 8 | K8: =_xlfn.XLOOKUP(Clean!G8,Lookup!A:A,Lookup!C:C,FALSE) -> Standard | L8: =MAX(J8-I8,0) -> 3
E9: 4 | F9: Jan | G9: R4 | H9: Mumbai | I9: 6 | J9: 10 | K9: =_xlfn.XLOOKUP(Clean!G9,Lookup!A:A,Lookup!C:C,FALSE) -> Standard | L9: =MAX(J9-I9,0) -> 4
E10: 5 | F10: Feb | G10: R1 | H10: Chennai | I10: 2 | J10: 5 | K10: =_xlfn.XLOOKUP(Clean!G10,Lookup!A:A,Lookup!C:C,FALSE) -> Express | L10: =MAX(J10-I10,0) -> 3
E11: 6 | F11: Feb | G11: R2 | H11: Delhi | I11: 3 | J11: 3 | K11: =_xlfn.XLOOKUP(Clean!G11,Lookup!A:A,Lookup!C:C,FALSE) -> Express | L11: =MAX(J11-I11,0) -> 0
E12: 7 | F12: Feb | G12: R3 | H12: Delhi | I12: 5 | J12: 10 | K12: =_xlfn.XLOOKUP(Clean!G12,Lookup!A:A,Lookup!C:C,FALSE) -> Standard | L12: =MAX(J12-I12,0) -> 5
E13: 8 | F13: Feb | G13: R4 | H13: Chennai | I13: 6 | J13: 7 | K13: =_xlfn.XLOOKUP(Clean!G13,Lookup!A:A,Lookup!C:C,FALSE) -> Standard | L13: =MAX(J13-I13,0) -> 1
E14: 9 | F14: Mar | G14: R1 | H14: Delhi | I14: 2 | J14: 8 | K14: =_xlfn.XLOOKUP(Clean!G14,Lookup!A:A,Lookup!C:C,FALSE) -> Express | L14: =MAX(J14-I14,0) -> 6
E15: 10 | F15: Mar | G15: R2 | H15: Mumbai | I15: 3 | J15: 5 | K15: =_xlfn.XLOOKUP(Clean!G15,Lookup!A:A,Lookup!C:C,FALSE) -> Express | L15: =MAX(J15-I15,0) -> 2
E16: 11 | F16: Mar | G16: R3 | H16: Chennai | I16: 5 | J16: 5 | K16: =_xlfn.XLOOKUP(Clean!G16,Lookup!A:A,Lookup!C:C,FALSE) -> Standard | L16: =MAX(J16-I16,0) -> 0
E17: 12 | F17: Mar | G17: R4 | H17: Mumbai | I17: 6 | J17: 15 | K17: =_xlfn.XLOOKUP(Clean!G17,Lookup!A:A,Lookup!C:C,FALSE) -> Standard | L17: =MAX(J17-I17,0) -> 9

Sheet Summary
A1: Hub
A2: Chennai
A3: Delhi
A4: Mumbai | D4: Sum of delay_days | E4: Column Labels
D5: Row Labels | E5: Jan | F5: Feb | G5: Mar | H5: Grand Total
D6: Express | E6: 1 | F6: 3 | G6: 8 | H6: 12
D7: Standard | E7: 7 | F7: 6 | G7: 9 | H7: 22
D8: Grand Total | E8: 8 | F8: 9 | G8: 17 | H8: 34
